"id","rank","title","fullTitle","year","crew","imDbRating","imDbRatingCount","genre","duration","country","description"
"tt0111161","1","The Shawshank Redemption","The Shawshank Redemption (1994)","1994","Frank Darabont (dir.), Tim Robbins, Morgan Freeman","9.2","2379439","Drama",142,"USA","Two imprisoned men bond over a number of years, finding solace and eventual redemption through acts of common decency."
"tt0068646","2","The Godfather","The Godfather (1972)","1972","Francis Ford Coppola (dir.), Marlon Brando, Al Pacino","9.1","1648431","Crime, Drama",175,"USA","The aging patriarch of an organized crime dynasty transfers control of his clandestine empire to his reluctant son."
"tt0071562","3","The Godfather: Part II","The Godfather: Part II (1974)","1974","Francis Ford Coppola (dir.), Al Pacino, Robert De Niro","9.0","1147592","Crime, Drama",202,"USA","The early life and career of Vito Corleone in 1920s New York City is portrayed, while his son, Michael, expands and tightens his grip on the family crime syndicate."
"tt0468569","4","The Dark Knight","The Dark Knight (2008)","2008","Christopher Nolan (dir.), Christian Bale, Heath Ledger","9.0","2343172","Action, Crime, Drama",152,"USA, UK","When the menace known as the Joker wreaks havoc and chaos on the people of Gotham, Batman must accept one of the greatest psychological and physical tests of his ability to fight injustice."
"tt0050083","5","12 Angry Men","12 Angry Men (1957)","1957","Sidney Lumet (dir.), Henry Fonda, Lee J. Cobb","8.9","702528","Crime, Drama",96,"USA","A jury holdout attempts to prevent a miscarriage of justice by forcing his colleagues to reconsider the evidence."
"tt0108052","6","Schindler's List","Schindler's List (1993)","1993","Steven Spielberg (dir.), Liam Neeson, Ralph Fiennes","8.9","1230452","Biography, Drama, History",195,"USA","In German-occupied Poland during World War II, industrialist"
"tt0167260","7","The Lord of the Rings: The Return of the King","The Lord of the Rings: The Return of the King (2003)","2003","Peter Jackson (dir.), Elijah Wood, Viggo Mortensen","8.9","1665067","Action, Adventure, Drama",201,"New Zealand, USA","Gandalf and Aragorn lead the World of Men against Sauron's army to draw his gaze from Frodo and Sam as they approach Mount Doom with the One Ring."
"tt0110912","8","Pulp Fiction","Pulp Fiction (1994)","1994","Quentin Tarantino (dir.), John Travolta, Uma Thurman","8.8","1853609","Crime, Drama",154,"USA","The lives of two mob hitmen, a boxer, a gangster and his wife, and a pair of diner bandits intertwine in four tales of violence and redemption."
"tt0060196","9","The Good, the Bad and the Ugly","The Good, the Bad and the Ugly (1966)","1966","Sergio Leone (dir.), Clint Eastwood, Eli Wallach","8.8","697484","Western",161,"Italy, Spain, West Germany","A bounty hunting scam joins two men in an uneasy alliance against a third in a race to find a fortune in gold buried in a remote cemetery."
"tt0120737","10","The Lord of the Rings: The Fellowship of the Ring","The Lord of the Rings: The Fellowship of the Ring (2001)","2001","Peter Jackson (dir.), Elijah Wood, Ian McKellen","8.8","1685271","Action, Adventure, Drama",178,"New Zealand, USA","A meek Hobbit from the Shire and eight companions set out on a journey to destroy the powerful One Ring and save Middle-earth from the Dark Lord Sauron."
"tt0137523","11","Fight Club","Fight Club (1999)","1999","David Fincher (dir.), Brad Pitt, Edward Norton","8.8","1882776","Drama",139,"USA, Germany","An insomniac office worker and a devil-may-care soapmaker form an underground fight club that evolves into something much, much more."
"tt0109830","12","Forrest Gump","Forrest Gump (1994)","1994","Robert Zemeckis (dir.), Tom Hanks, Robin Wright","8.8","1840606","Drama, Romance",142,"USA","The presidencies of Kennedy and Johnson, the events of Vietnam, Watergate and other historical events unfold through the perspective of an Alabama man with an IQ of 75, whose only desire is to be reunited with his childhood sweetheart."
"tt1375666","13","Inception","Inception (2010)","2010","Christopher Nolan (dir.), Leonardo DiCaprio, Joseph Gordon-Levitt","8.7","2101621","Action, Adventure, Sci-Fi",148,"USA, UK","A thief who steals corporate secrets through the use of dream-sharing technology is given the inverse task of planting an idea into the mind of a C.E.O."
"tt0167261","14","The Lord of the Rings: The Two Towers","The Lord of the Rings: The Two Towers (2002)","2002","Peter Jackson (dir.), Elijah Wood, Ian McKellen","8.7","1505677","Action, Adventure, Drama",179,"New Zealand, USA","While Frodo and Sam edge closer to Mordor with the help of the shifty Gollum, the divided fellowship makes a stand against Sauron's new ally, Saruman, and his hordes of Isengard."
"tt0080684","15","Star Wars: Episode V - The Empire Strikes Back","Star Wars: Episode V - The Empire Strikes Back (1980)","1980","Irvin Kershner (dir.), Mark Hamill, Harrison Ford","8.7","1173944","Action, Adventure, Fantasy",124,"USA","After the Rebels are brutally overpowered by the Empire on the ice planet Hoth, Luke Skywalker begins Jedi training with Yoda, while his friends are pursued by Darth Vader and a bounty hunter named Boba Fett all over the galaxy."
"tt0133093","16","The Matrix","The Matrix (1999)","1999","Lana Wachowski (dir.), Keanu Reeves, Laurence Fishburne","8.6","1701817","Action, Sci-Fi",136,"USA","A computer hacker learns from mysterious rebels about the true nature of his reality and his role in the war against its controllers."
"tt0099685","17","Goodfellas","Goodfellas (1990)","1990","Martin Scorsese (dir.), Robert De Niro, Ray Liotta","8.6","1037427","Biography, Crime, Drama",146,"USA","The story of"
"tt0073486","18","One Flew Over the Cuckoo's Nest","One Flew Over the Cuckoo's Nest (1975)","1975","Milos Forman (dir.), Jack Nicholson, Louise Fletcher","8.6","929677","Drama",133,"USA","A criminal pleads insanity and is admitted to a mental institution, where he rebels against the oppressive nurse and rallies up the scared patients."
"tt0047478","19","Seven Samurai","Seven Samurai (1954)","1954","Akira Kurosawa (dir.), Toshir<U+00F4> Mifune, Takashi Shimura","8.6","320044","Action, Adventure, Drama",207,"Japan","A poor village under attack by bandits recruits seven unemployed samurai to help them defend themselves."
"tt0114369","20","Se7en","Se7en (1995)","1995","David Fincher (dir.), Morgan Freeman, Brad Pitt","8.6","1469147","Crime, Drama, Mystery",127,"USA","Two detectives, a rookie and a veteran, hunt a serial killer who uses the seven deadly sins as his motives."
"tt0118799","21","Life Is Beautiful","Life Is Beautiful (1997)","1997","Roberto Benigni (dir.), Roberto Benigni, Nicoletta Braschi","8.6","633647","Comedy, Drama, Romance",116,"Italy","When an open-minded Jewish librarian and his son become victims of the Holocaust, he uses a perfect mixture of will, humor, and imagination to protect his son from the dangers around their camp."
"tt0317248","22","City of God","City of God (2002)","2002","Fernando Meirelles (dir.), Alexandre Rodrigues, Leandro Firmino","8.6","706887","Crime, Drama",130,"Brazil, France, Germany","In the slums of Rio, two kids' paths diverge as one struggles to become a photographer and the other a kingpin."
"tt0102926","23","The Silence of the Lambs","The Silence of the Lambs (1991)","1991","Jonathan Demme (dir.), Jodie Foster, Anthony Hopkins","8.6","1291496","Crime, Drama, Thriller",118,"USA","A young F.B.I. cadet must receive the help of an incarcerated and manipulative cannibal killer to help catch another serial killer, a madman who skins his victims."
"tt0038650","24","It's a Wonderful Life","It's a Wonderful Life (1946)","1946","Frank Capra (dir.), James Stewart, Donna Reed","8.6","410944","Drama, Family, Fantasy",130,"USA","An angel is sent from Heaven to help a desperately frustrated businessman by showing him what life would have been like if he had never existed."
"tt0120815","25","Saving Private Ryan","Saving Private Ryan (1998)","1998","Steven Spielberg (dir.), Tom Hanks, Matt Damon","8.6","1255245","Drama, War",169,"USA","Following the Normandy Landings, a group of U.S. soldiers go behind enemy lines to retrieve a paratrooper whose brothers have been killed in action."
"tt0076759","26","Star Wars: Episode IV - A New Hope","Star Wars: Episode IV - A New Hope (1977)","1977","George Lucas (dir.), Mark Hamill, Harrison Ford","8.6","1245938","Action, Adventure, Fantasy",121,"USA","Luke Skywalker joins forces with a Jedi Knight, a cocky pilot, a Wookiee and two droids to save the galaxy from the Empire's world-destroying battle station, while also attempting to rescue Princess Leia from the mysterious Darth Vader."
"tt0120689","27","The Green Mile","The Green Mile (1999)","1999","Frank Darabont (dir.), Tom Hanks, Michael Clarke Duncan","8.5","1167245","Crime, Drama, Fantasy",189,"USA","The lives of guards on Death Row are affected by one of their charges: a black man accused of child murder and rape, yet who has a mysterious gift."
"tt0245429","28","Spirited Away","Spirited Away (2001)","2001","Hayao Miyazaki (dir.), Daveigh Chase, Suzanne Pleshette","8.5","665811","Animation, Adventure, Family",125,"Japan","During her family's move to the suburbs, a sullen 10-year-old girl wanders into a world ruled by gods, witches, and spirits, and where humans are changed into beasts."
"tt0816692","29","Interstellar","Interstellar (2014)","2014","Christopher Nolan (dir.), Matthew McConaughey, Anne Hathaway","8.5","1545967","Adventure, Drama, Sci-Fi",169,"USA, UK, Canada","A team of explorers travel through a wormhole in space in an attempt to ensure humanity's survival."
"tt6751668","30","Parasite","Parasite (2019)","2019","Bong Joon Ho (dir.), Kang-ho Song, Sun-kyun Lee","8.5","593009","Comedy, Drama, Thriller",132,"South Korea","Greed and class discrimination threaten the newly formed symbiotic relationship between the wealthy Park family and the destitute Kim clan."
"tt0110413","31","L¨¦on: The Professional","L¨¦on: The Professional (1994)","1994","Luc Besson (dir.), Jean Reno, Gary Oldman","8.5","1051048","Action, Crime, Drama",110,"France, USA","Mathilda, a 12-year-old girl, is reluctantly taken in by LÃ©on, a professional assassin, after her family is murdered. An unusual relationship forms as she becomes his protÃ©gÃ©e and learns the assassin's trade."
"tt0056058","32","Hara-Kiri","Hara-Kiri (1962)","1962","Masaki Kobayashi (dir.), Tatsuya Nakadai, Akira Ishihama","8.5","44307","Action, Drama, Mystery",133,"Japan","When a ronin requesting seppuku at a feudal lord's palace is told of the brutal suicide of another ronin who previously visited, he reveals how their pasts are intertwined - and in doing so challenges the clan's integrity."
"tt0110357","33","The Lion King","The Lion King (1994)","1994","Roger Allers (dir.), Matthew Broderick, Jeremy Irons","8.5","956778","Animation, Adventure, Drama",88,"USA","Lion prince Simba and his father are targeted by his bitter uncle, who wants to ascend the throne himself."
"tt0114814","34","The Usual Suspects","The Usual Suspects (1995)","1995","Bryan Singer (dir.), Kevin Spacey, Gabriel Byrne","8.5","1003443","Crime, Mystery, Thriller",106,"USA, Germany","A sole survivor tells of the twisty events leading up to a horrific gun battle on a boat, which began when five criminals met at a seemingly random police lineup."
"tt0253474","35","The Pianist","The Pianist (2002)","2002","Roman Polanski (dir.), Adrien Brody, Thomas Kretschmann","8.5","743980","Biography, Drama, Music",150,"UK, France, Poland, Germany, USA","A Polish Jewish musician struggles to survive the destruction of the Warsaw ghetto of World War II."
"tt0103064","36","Terminator 2: Judgment Day","Terminator 2: Judgment Day (1991)","1991","James Cameron (dir.), Arnold Schwarzenegger, Linda Hamilton","8.5","1006815","Action, Sci-Fi",137,"USA, France","A cyborg, identical to the one who failed to kill Sarah Connor, must now protect her teenage son, John Connor, from a more advanced and powerful cyborg."
"tt0088763","37","Back to the Future","Back to the Future (1985)","1985","Robert Zemeckis (dir.), Michael J. Fox, Christopher Lloyd","8.5","1075569","Adventure, Comedy, Sci-Fi",116,"USA","Marty McFly, a 17-year-old high school student, is accidentally sent thirty years into the past in a time-traveling DeLorean invented by his close friend, the eccentric scientist Doc Brown."
"tt0120586","38","American History X","American History X (1998)","1998","Tony Kaye (dir.), Edward Norton, Edward Furlong","8.5","1045950","Drama",119,"USA","A former neo-nazi skinhead tries to prevent his younger brother from going down the same wrong path that he did."
"tt0027977","39","Modern Times","Modern Times (1936)","1936","Charles Chaplin (dir.), Charles Chaplin, Paulette Goddard","8.5","221541","Comedy, Drama, Family",87,"USA","The Tramp struggles to live in modern industrial society with the help of a young homeless woman."
"tt0172495","40","Gladiator","Gladiator (2000)","2000","Ridley Scott (dir.), Russell Crowe, Joaquin Phoenix","8.5","1359833","Action, Adventure, Drama",155,"USA, UK, Malta, Morocco","A former Roman General sets out to exact vengeance against the corrupt emperor who murdered his family and sent him into slavery."
"tt0054215","41","Psycho","Psycho (1960)","1960","Alfred Hitchcock (dir.), Anthony Perkins, Janet Leigh","8.5","612822","Horror, Mystery, Thriller",109,"USA","A Phoenix secretary embezzles $40,000 from her employer's client, goes on the run, and checks into a remote motel run by a young man under the domination of his mother."
"tt0407887","42","The Departed","The Departed (2006)","2006","Martin Scorsese (dir.), Leonardo DiCaprio, Matt Damon","8.5","1207223","Crime, Drama, Thriller",151,"USA","An undercover cop and a mole in the police attempt to identify each other while infiltrating an Irish gang in South Boston."
"tt0021749","43","City Lights","City Lights (1931)","1931","Charles Chaplin (dir.), Charles Chaplin, Virginia Cherrill","8.5","170343","Comedy, Drama, Romance",87,"USA","With the aid of a wealthy erratic tippler, a dewy-eyed tramp who has fallen in love with a sightless flower girl accumulates money to be able to help her medically."
"tt2582802","44","Whiplash","Whiplash (2014)","2014","Damien Chazelle (dir.), Miles Teller, J.K. Simmons","8.5","733216","Drama, Music",106,"USA","A promising young drummer enrolls at a cut-throat music conservatory where his dreams of greatness are mentored by an instructor who will stop at nothing to realize a student's potential."
"tt1675434","45","The Intouchables","The Intouchables (2011)","2011","Olivier Nakache (dir.), Fran<U+00E7>ois Cluzet, Omar Sy","8.5","774292","Biography, Comedy, Drama",112,"France","After he becomes a quadriplegic from a paragliding accident, an aristocrat hires a young man from the projects to be his caregiver."
"tt0095327","46","Grave of the Fireflies","Grave of the Fireflies (1988)","1988","Isao Takahata (dir.), Tsutomu Tatsumi, Ayano Shiraishi","8.5","240978","Animation, Drama, War",89,"Japan","A young boy and his little sister struggle to survive in Japan during World War II."
"tt0482571","47","The Prestige","The Prestige (2006)","2006","Christopher Nolan (dir.), Christian Bale, Hugh Jackman","8.5","1209151","Drama, Mystery, Sci-Fi",130,"UK, USA","After a tragic accident, two stage magicians engage in a battle to create the ultimate illusion while sacrificing everything they have to outwit each other."
"tt0064116","48","Once Upon a Time in the West","Once Upon a Time in the West (1968)","1968","Sergio Leone (dir.), Henry Fonda, Charles Bronson","8.4","306644","Western",165,"Italy, USA","A mysterious stranger with a harmonica joins forces with a notorious desperado to protect a beautiful widow from a ruthless assassin working for the railroad."
"tt0034583","49","Casablanca","Casablanca (1942)","1942","Michael Curtiz (dir.), Humphrey Bogart, Ingrid Bergman","8.4","528581","Drama, Romance, War",102,"USA","A cynical American expatriate struggles to decide whether or not he should help his former lover and her fugitive husband escape French Morocco."
"tt0095765","50","Cinema Paradiso","Cinema Paradiso (1988)","1988","Giuseppe Tornatore (dir.), Philippe Noiret, Enzo Cannavale","8.4","234977","Drama",155,"Italy, France","A filmmaker recalls his childhood when falling in love with the pictures at the cinema of his home village and forms a deep friendship with the cinema's projectionist."
"tt0047396","51","Rear Window","Rear Window (1954)","1954","Alfred Hitchcock (dir.), James Stewart, Grace Kelly","8.4","449954","Mystery, Thriller",112,"USA","A wheelchair-bound photographer spies on his neighbors from his apartment window and becomes convinced one of them has committed murder."
"tt0078748","52","Alien","Alien (1979)","1979","Ridley Scott (dir.), Sigourney Weaver, Tom Skerritt","8.4","799065","Horror, Sci-Fi",117,"UK, USA","After a space merchant vessel receives an unknown transmission as a distress call, one of the crew is attacked by a mysterious life form and they soon realize that its life cycle has merely begun."
"tt0078788","53","Apocalypse Now","Apocalypse Now (1979)","1979","Francis Ford Coppola (dir.), Martin Sheen, Marlon Brando","8.4","614863","Drama, Mystery, War",147,"USA","A U.S. Army officer serving in Vietnam is tasked with assassinating a renegade Special Forces Colonel who sees himself as a god."
"tt0209144","54","Memento","Memento (2000)","2000","Christopher Nolan (dir.), Guy Pearce, Carrie-Anne Moss","8.4","1139995","Mystery, Thriller",113,"USA","A man with short-term memory loss attempts to track down his wife's murderer."
"tt0032553","55","The Great Dictator","The Great Dictator (1940)","1940","Charles Chaplin (dir.), Charles Chaplin, Paulette Goddard","8.4","206002","Comedy, Drama, War",125,"USA","Dictator Adenoid Hynkel tries to expand his empire while a poor Jewish barber tries to avoid persecution from Hynkel's regime."
"tt0082971","56","Indiana Jones and the Raiders of the Lost Ark","Indiana Jones and the Raiders of the Lost Ark (1981)","1981","Steven Spielberg (dir.), Harrison Ford, Karen Allen","8.4","893864","Action, Adventure",115,"USA","In 1936, archaeologist and adventurer Indiana Jones is hired by the U.S. government to find the Ark of the Covenant before"
"tt1853728","57","Django Unchained","Django Unchained (2012)","2012","Quentin Tarantino (dir.), Jamie Foxx, Christoph Waltz","8.4","1381215","Drama, Western",165,"USA","With the help of a German bounty hunter, a freed slave sets out to rescue his wife from a brutal Mississippi plantation owner."
"tt0405094","58","The Lives of Others","The Lives of Others (2006)","2006","Florian Henckel von Donnersmarck (dir.), Ulrich M¨¹he, Martina Gedeck","8.4","363796","Drama, Mystery, Thriller",137,"Germany, France","In 1984 East Berlin, an agent of the secret police, conducting surveillance on a writer and his lover, finds himself becoming increasingly absorbed by their lives."
"tt0050825","59","Paths of Glory","Paths of Glory (1957)","1957","Stanley Kubrick (dir.), Kirk Douglas, Ralph Meeker","8.4","181157","Drama, War",88,"USA","After refusing to attack an enemy position, a general accuses the soldiers of cowardice and their commanding officer must defend them."
"tt8503618","60","Hamilton","Hamilton (2020)","2020","Thomas Kail (dir.), Lin-Manuel Miranda, Phillipa Soo","8.4","62554","Biography, Drama, History",160,"USA","The real life of one of America's foremost founding fathers and first Secretary of the Treasury, Alexander Hamilton. Captured live on Broadway from the Richard Rodgers Theater with the original Broadway cast."
"tt0910970","61","WALL¡¤E","WALL¡¤E (2008)","2008","Andrew Stanton (dir.), Ben Burtt, Elissa Knight","8.4","1014229","Animation, Adventure, Family",98,"USA","In the distant future, a small waste-collecting robot inadvertently embarks on a space journey that will ultimately decide the fate of mankind."
"tt7286456","62","Joker","Joker (2019)","2019","Todd Phillips (dir.), Joaquin Phoenix, Robert De Niro","8.4","983668","Crime, Drama, Thriller",122,"USA, Canada","In Gotham City, mentally troubled comedian Arthur Fleck is disregarded and mistreated by society. He then embarks on a downward spiral of revolution and bloody crime. This path brings him face-to-face with his alter-ego: the Joker."
"tt0081505","63","The Shining","The Shining (1980)","1980","Stanley Kubrick (dir.), Jack Nicholson, Shelley Duvall","8.4","912553","Drama, Horror",146,"UK, USA","A family heads to an isolated hotel for the winter where a sinister presence influences the father into violence, while his psychic son sees horrific forebodings from both past and future."
"tt4154756","64","Avengers: Infinity War","Avengers: Infinity War (2018)","2018","Anthony Russo (dir.), Robert Downey Jr., Chris Hemsworth","8.4","866999","Action, Adventure, Sci-Fi",149,"USA","The Avengers and their allies must be willing to sacrifice all in an attempt to defeat the powerful Thanos before his blitz of devastation and ruin puts an end to the universe."
"tt0043014","65","Sunset Blvd.","Sunset Blvd. (1950)","1950","Billy Wilder (dir.), William Holden, Gloria Swanson","8.4","204497","Drama, Film-Noir",110,"USA","A screenwriter develops a dangerous relationship with a faded film star determined to make a triumphant return."
"tt0051201","66","Witness for the Prosecution","Witness for the Prosecution (1957)","1957","Billy Wilder (dir.), Tyrone Power, Marlene Dietrich","8.4","111185","Crime, Drama, Mystery",116,"USA","A veteran British barrister must defend his client in a murder trial that has surprise after surprise."
"tt4633694","67","Spider-Man: Into the Spider-Verse","Spider-Man: Into the Spider-Verse (2018)","2018","Bob Persichetti (dir.), Shameik Moore, Jake Johnson","8.3","393550","Animation, Action, Adventure",117,"USA","Teen Miles Morales becomes the Spider-Man of his universe, and must join with five spider-powered individuals from other dimensions to stop a threat for all realities."
"tt0364569","68","Oldboy","Oldboy (2003)","2003","Chan-wook Park (dir.), Choi Min-sik, Yoo Ji-Tae","8.3","524015","Action, Drama, Mystery",120,"South Korea","After being kidnapped and imprisoned for fifteen years, Oh Dae-Su is released, only to find that he must find his captor in five days."
"tt0119698","69","Princess Mononoke","Princess Mononoke (1997)","1997","Hayao Miyazaki (dir.), Y<U+00F4>ji Matsuda, Yuriko Ishida","8.3","350334","Animation, Adventure, Fantasy",134,"Japan","On a journey to find the cure for a Tatarigami's curse, Ashitaka finds himself in the middle of a war between the forest gods and Tatara, a mining colony. In this quest he also meets San, the Mononoke Hime."
"tt0057012","70","Dr. Strangelove or: How I Learned to Stop Worrying and Love the Bomb","Dr. Strangelove or: How I Learned to Stop Worrying and Love the Bomb (1964)","1964","Stanley Kubrick (dir.), Peter Sellers, George C. Scott","8.3","455761","Comedy",95,"UK, USA","An insane general triggers a path to nuclear holocaust that a War Room full of politicians and generals frantically tries to stop."
"tt1345836","71","The Dark Knight Rises","The Dark Knight Rises (2012)","2012","Christopher Nolan (dir.), Christian Bale, Tom Hardy","8.3","1537667","Action, Adventure",164,"UK, USA","Eight years after the Joker's reign of anarchy, Batman, with the help of the enigmatic Catwoman, is forced from his exile to save Gotham City from the brutal guerrilla terrorist Bane."
"tt0087843","72","Once Upon a Time in America","Once Upon a Time in America (1984)","1984","Sergio Leone (dir.), Robert De Niro, James Woods","8.3","316667","Crime, Drama",229,"USA, Italy","A former Prohibition-era Jewish gangster returns to the Lower East Side of Manhattan over thirty years later, where he once again must confront the ghosts and regrets of his old life."
"tt5311514","73","Your Name.","Your Name. (2016)","2016","Makoto Shinkai (dir.), Ry<U+00FB>nosuke Kamiki, Mone Kamishiraishi","8.3","205105","Animation, Drama, Fantasy",106,"Japan","Two strangers find themselves linked in a bizarre way. When a connection forms, will distance be the only thing to keep them apart?"
"tt0090605","74","Aliens","Aliens (1986)","1986","James Cameron (dir.), Sigourney Weaver, Michael Biehn","8.3","660232","Action, Adventure, Sci-Fi",137,"USA, UK","Ellen Ripley is rescued by a deep salvage team after being in hypersleep for 57 years. The moon that the Nostromo visited has been colonized, but contact is lost. This time, colonial marines have impressive firepower, but will that be enough?"
"tt2380307","75","Coco","Coco (2017)","2017","Lee Unkrich (dir.), Anthony Gonzalez, Gael Garc¨ªa Bernal","8.3","400252","Animation, Adventure, Family",105,"USA","Aspiring musician Miguel, confronted with his family's ancestral ban on music, enters the Land of the Dead to find his great-great-grandfather, a legendary singer."
"tt4154796","76","Avengers: Endgame","Avengers: Endgame (2019)","2019","Anthony Russo (dir.), Robert Downey Jr., Chris Evans","8.3","858821","Action, Adventure, Drama",181,"USA","After the devastating events of"
"tt8267604","77","Capernaum","Capernaum (2018)","2018","Nadine Labaki (dir.), Zain Al Rafeea, Yordanos Shiferaw","8.3","67349","Drama",126,"Lebanon, USA, France, Cyprus, Qatar, UK","While serving a five-year sentence for a violent crime, a 12-year-old boy sues his parents for neglect."
"tt0169547","78","American Beauty","American Beauty (1999)","1999","Sam Mendes (dir.), Kevin Spacey, Annette Bening","8.3","1081134","Drama",122,"USA","A sexually frustrated suburban father has a mid-life crisis after becoming infatuated with his daughter's best friend."
"tt0112573","79","Braveheart","Braveheart (1995)","1995","Mel Gibson (dir.), Mel Gibson, Sophie Marceau","8.3","969506","Biography, Drama, History",178,"USA","Scottish warrior William Wallace leads his countrymen in a rebellion to free his homeland from the tyranny of King Edward I of England."
"tt0057565","80","High and Low","High and Low (1963)","1963","Akira Kurosawa (dir.), Toshir<U+00F4> Mifune, Yutaka Sada","8.3","36090","Crime, Drama, Mystery",108,"Japan","An executive of a shoe company becomes a victim of extortion when his chauffeur's son is kidnapped and held for ransom."
"tt0114709","81","Toy Story","Toy Story (1995)","1995","John Lasseter (dir.), Tom Hanks, Tim Allen","8.3","900356","Animation, Adventure, Comedy",81,"USA","A cowboy doll is profoundly threatened and jealous when a new spaceman figure supplants him as top toy in a boy's room."
"tt0082096","82","Das Boot","Das Boot (1981)","1981","Wolfgang Petersen (dir.), J¨¹rgen Prochnow, Herbert Gr<U+00F6>nemeyer","8.3","234719","Adventure, Drama, Thriller",149,"West Germany","The claustrophobic world of a WWII German U-boat; boredom, filth and sheer terror."
"tt1187043","83","3 Idiots","3 Idiots (2009)","2009","Rajkumar Hirani (dir.), Aamir Khan, Madhavan","8.3","350886","Comedy, Drama",170,"India","Two friends are searching for their long lost companion. They revisit their college days and recall the memories of their friend who inspired them to think differently, even as the rest of the world called them \"idiots\"."
"tt0086879","84","Amadeus","Amadeus (1984)","1984","Milos Forman (dir.), F. Murray Abraham, Tom Hulce","8.3","373491","Biography, Drama, History",160,"USA, France, Czechoslovakia, Italy","The life, success and troubles of"
"tt0361748","85","Inglourious Basterds","Inglourious Basterds (2009)","2009","Quentin Tarantino (dir.), Brad Pitt, Diane Kruger","8.3","1290308","Adventure, Drama, War",153,"Germany, USA","In Nazi-occupied France during World War II, a plan to assassinate Nazi leaders by a group of Jewish U.S. soldiers coincides with a theatre owner's vengeful plans for the same."
"tt0119217","86","Good Will Hunting","Good Will Hunting (1997)","1997","Gus Van Sant (dir.), Robin Williams, Matt Damon","8.3","875079","Drama, Romance",126,"USA","Will Hunting, a janitor at M.I.T., has a gift for mathematics, but needs help from a psychologist to find direction in his life."
"tt0086190","87","Star Wars: Episode VI - Return of the Jedi","Star Wars: Episode VI - Return of the Jedi (1983)","1983","Richard Marquand (dir.), Mark Hamill, Harrison Ford","8.3","962212","Action, Adventure, Fantasy",131,"USA","After a daring mission to rescue Han Solo from Jabba the Hutt, the Rebels dispatch to Endor to destroy the second Death Star. Meanwhile, Luke struggles to help Darth Vader back from the dark side without falling into the Emperor's trap."
"tt0986264","88","Like Stars on Earth","Like Stars on Earth (2007)","2007","Aamir Khan (dir.), Darsheel Safary, Aamir Khan","8.3","172780","Drama, Family",165,"India","An eight-year-old boy is thought to be a lazy trouble-maker, until the new art teacher has the patience and compassion to discover the real problem behind his struggles in school."
"tt0105236","89","Reservoir Dogs","Reservoir Dogs (1992)","1992","Quentin Tarantino (dir.), Harvey Keitel, Tim Roth","8.3","931484","Crime, Drama, Thriller",99,"USA","When a simple jewelry heist goes horribly wrong, the surviving criminals begin to suspect that one of them is a police informant."
"tt0062622","90","2001: A Space Odyssey","2001: A Space Odyssey (1968)","1968","Stanley Kubrick (dir.), Keir Dullea, Gary Lockwood","8.3","611798","Adventure, Sci-Fi",149,"UK, USA","After discovering a mysterious artifact buried beneath the Lunar surface, mankind sets off on a quest to find its origins with help from intelligent supercomputer H.A.L. 9000."
"tt0180093","91","Requiem for a Dream","Requiem for a Dream (2000)","2000","Darren Aronofsky (dir.), Ellen Burstyn, Jared Leto","8.3","777002","Drama",102,"USA","The drug-induced utopias of four Coney Island people are shattered when their addictions run deep."
"tt2106476","92","The Hunt","The Hunt (2012)","2012","Thomas Vinterberg (dir.), Mads Mikkelsen, Thomas Bo Larsen","8.3","289473","Drama",115,"Denmark, Sweden","A teacher lives a lonely life, all the while struggling over his son's custody. His life slowly gets better as he finds love and receives good news from his son, but his new luck is about to be brutally shattered by an innocent little lie."
"tt0052357","93","Vertigo","Vertigo (1958)","1958","Alfred Hitchcock (dir.), James Stewart, Kim Novak","8.3","369682","Mystery, Romance, Thriller",128,"USA","A former police detective juggles wrestling with his personal demons and becoming obsessed with a hauntingly beautiful woman."
"tt0022100","94","M","M (1931)","1931","Fritz Lang (dir.), Peter Lorre, Ellen Widmann","8.3","145672","Crime, Mystery, Thriller",117,"Germany","When the police in a German city are unable to catch a child-murderer, other criminals join in the manhunt."
"tt0338013","95","Eternal Sunshine of the Spotless Mind","Eternal Sunshine of the Spotless Mind (2004)","2004","Michel Gondry (dir.), Jim Carrey, Kate Winslet","8.3","923167","Drama, Romance, Sci-Fi",108,"USA","When their relationship turns sour, a couple undergoes a medical procedure to have each other erased from their memories."
"tt0033467","96","Citizen Kane","Citizen Kane (1941)","1941","Orson Welles (dir.), Orson Welles, Joseph Cotten","8.3","410152","Drama, Mystery",119,"USA","Following the death of publishing tycoon Charles Foster Kane, reporters scramble to uncover the meaning of his final utterance; 'Rosebud'."
"tt5074352","97","Dangal","Dangal (2016)","2016","Nitesh Tiwari (dir.), Aamir Khan, Sakshi Tanwar","8.3","160954","Action, Biography, Drama",161,"India","Former wrestler"
"tt0091251","98","Come and See","Come and See (1985)","1985","Elem Klimov (dir.), Aleksey Kravchenko, Olga Mironova","8.2","61768","Drama, War",142,"Soviet Union","After finding an old rifle, a young boy joins the Soviet resistance movement against ruthless German forces and experiences the horrors of World War II."
"tt0045152","99","Singin' in the Rain","Singin' in the Rain (1952)","1952","Stanley Donen (dir.), Gene Kelly, Donald O'Connor","8.2","222131","Comedy, Musical, Romance",103,"USA","A silent film production company and cast make a difficult transition to sound."
"tt0012349","100","The Kid","The Kid (1921)","1921","Charles Chaplin (dir.), Charles Chaplin, Edna Purviance","8.2","115646","Comedy, Drama, Family",68,"USA","The Tramp cares for an abandoned child, but events put that relationship in jeopardy."
"tt0040522","101","Bicycle Thieves","Bicycle Thieves (1948)","1948","Vittorio De Sica (dir.), Lamberto Maggiorani, Enzo Staiola","8.2","149163","Drama",89,"Italy","In post-war Italy, a working-class man's bicycle is stolen. He and his son set out to find it."
"tt0093058","102","Full Metal Jacket","Full Metal Jacket (1987)","1987","Stanley Kubrick (dir.), Matthew Modine, R. Lee Ermey","8.2","683579","Drama, War",116,"UK, USA","A pragmatic U.S. Marine observes the dehumanizing effects the Vietnam War has on his fellow recruits from their brutal boot camp training to the bloody street fighting in Hue."
"tt0044741","103","Ikiru","Ikiru (1952)","1952","Akira Kurosawa (dir.), Takashi Shimura, Nobuo Kaneko","8.2","70088","Drama",143,"Japan","A bureaucrat tries to find a meaning in his life after he discovers he has terminal cancer."
"tt0208092","104","Snatch","Snatch (2000)","2000","Guy Ritchie (dir.), Jason Statham, Brad Pitt","8.2","791271","Comedy, Crime",104,"UK, USA","Unscrupulous boxing promoters, violent bookmakers, a Russian gangster, incompetent amateur robbers and supposedly Jewish jewelers fight to track down a priceless stolen diamond."
"tt0053125","105","North by Northwest","North by Northwest (1959)","1959","Alfred Hitchcock (dir.), Cary Grant, Eva Marie Saint","8.2","302814","Adventure, Mystery, Thriller",136,"USA","A New York City advertising executive goes on the run after being mistaken for a government agent by a group of foreign spies."
"tt0086250","106","Scarface","Scarface (1983)","1983","Brian De Palma (dir.), Al Pacino, Michelle Pfeiffer","8.2","753737","Crime, Drama",170,"USA","In 1980 Miami, a determined Cuban immigrant takes over a drug cartel and succumbs to greed."
"tt0066921","107","A Clockwork Orange","A Clockwork Orange (1971)","1971","Stanley Kubrick (dir.), Malcolm McDowell, Patrick Magee","8.2","766972","Crime, Drama, Sci-Fi",136,"UK, USA","In the future, a sadistic gang leader is imprisoned and volunteers for a conduct-aversion experiment, but it doesn't go as planned."
"tt8579674","108","1917","1917 (2019)","2019","Sam Mendes (dir.), Dean-Charles Chapman, George MacKay","8.2","452685","Drama, War",119,"USA, UK, India, Spain, Canada, China","April 6th, 1917. As a regiment assembles to wage war deep in enemy territory, two soldiers are assigned to race against time and deliver a message that will stop 1,600 men from walking straight into a deadly trap."
"tt1255953","109","Incendies","Incendies (2010)","2010","Denis Villeneuve (dir.), Lubna Azabal, M¨¦lissa D¨¦sormeaux-Poulin","8.2","154081","Drama, Mystery, War",131,"Canada, France","Twins journey to the Middle East to discover their family history and fulfill their mother's last wishes."
"tt0075314","110","Taxi Driver","Taxi Driver (1976)","1976","Martin Scorsese (dir.), Robert De Niro, Jodie Foster","8.2","737185","Crime, Drama",114,"USA","A mentally unstable veteran works as a nighttime taxi driver in New York City, where the perceived decadence and sleaze fuels his urge for violent action by attempting to liberate a presidential campaign worker and an underage prostitute."
"tt1832382","111","A Separation","A Separation (2011)","2011","Asghar Farhadi (dir.), Payman Maadi, Leila Hatami","8.2","223880","Drama",123,"Iran, France, Australia","A married couple are faced with a difficult decision - to improve the life of their child by moving to another country or to stay in Iran and look after a deteriorating parent who has Alzheimer's disease."
"tt0435761","112","Toy Story 3","Toy Story 3 (2010)","2010","Lee Unkrich (dir.), Tom Hanks, Tim Allen","8.2","766635","Animation, Adventure, Comedy",103,"USA","The toys are mistakenly delivered to a day-care center instead of the attic right before Andy leaves for college, and it's up to Woody to convince the other toys that they weren't abandoned and to return home."
"tt0070735","113","The Sting","The Sting (1973)","1973","George Roy Hill (dir.), Paul Newman, Robert Redford","8.2","244386","Comedy, Crime, Drama",129,"USA","Two grifters team up to pull off the ultimate con."
"tt0056172","114","Lawrence of Arabia","Lawrence of Arabia (1962)","1962","David Lean (dir.), Peter O'Toole, Alec Guinness","8.2","271564","Adventure, Biography, Drama",228,"UK","The story of"
"tt0211915","115","Am¨¦lie","Am¨¦lie (2001)","2001","Jean-Pierre Jeunet (dir.), Audrey Tautou, Mathieu Kassovitz","8.2","711216","Comedy, Romance",122,"France, Germany","AmÃ©lie is an innocent and naive girl in Paris with her own sense of justice. She decides to help those around her and, along the way, discovers love."
"tt0017136","116","Metropolis","Metropolis (1927)","1927","Fritz Lang (dir.), Brigitte Helm, Alfred Abel","8.2","162165","Drama, Sci-Fi",153,"Germany","In a futuristic city sharply divided between the working class and the city planners, the son of the city's mastermind falls in love with a working class prophet who predicts the coming of a savior to mediate their differences."
"tt0053604","117","The Apartment","The Apartment (1960)","1960","Billy Wilder (dir.), Jack Lemmon, Shirley MacLaine","8.2","166925","Comedy, Drama, Romance",125,"USA","A man tries to rise in his company by letting its executives use his apartment for trysts, but complications and a romance of his own ensue."
"tt0059578","118","For a Few Dollars More","For a Few Dollars More (1965)","1965","Sergio Leone (dir.), Clint Eastwood, Lee Van Cleef","8.2","235953","Western",132,"Italy, Spain, West Germany","Two bounty hunters with the same intentions team up to track down a Western outlaw."
"tt0036775","119","Double Indemnity","Double Indemnity (1944)","1944","Billy Wilder (dir.), Fred MacMurray, Barbara Stanwyck","8.2","145629","Crime, Drama, Film-Noir",107,"USA","An insurance representative lets himself be talked by a seductive housewife into a murder/insurance fraud scheme that arouses the suspicion of an insurance investigator."
"tt0056592","120","To Kill a Mockingbird","To Kill a Mockingbird (1962)","1962","Robert Mulligan (dir.), Gregory Peck, John Megna","8.2","296683","Crime, Drama",129,"USA","Atticus Finch, a lawyer in the Depression-era South, defends a black man against an undeserved rape charge, and his children against prejudice."
"tt1049413","121","Up","Up (2009)","2009","Pete Docter (dir.), Edward Asner, Jordan Nagai","8.2","948895","Animation, Adventure, Comedy",96,"USA","78-year-old Carl Fredricksen travels to Paradise Falls in his house equipped with balloons, inadvertently taking a young stowaway."
"tt0097576","122","Indiana Jones and the Last Crusade","Indiana Jones and the Last Crusade (1989)","1989","Steven Spielberg (dir.), Harrison Ford, Sean Connery","8.2","699563","Action, Adventure",127,"USA","In 1938, after his father Professor Henry Jones, Sr. goes missing while pursuing the Holy Grail, Professor Henry \"Indiana\" Jones, Jr. finds himself up against"
"tt0113277","123","Heat","Heat (1995)","1995","Michael Mann (dir.), Al Pacino, Robert De Niro","8.2","586808","Crime, Drama, Thriller",170,"USA","A group of professional bank robbers start to feel the heat from police when they unknowingly leave a clue at their latest heist."
"tt0119488","124","L.A. Confidential","L.A. Confidential (1997)","1997","Curtis Hanson (dir.), Kevin Spacey, Russell Crowe","8.2","538346","Crime, Drama, Mystery",138,"USA","As corruption grows in 1950s Los Angeles, three policemen - one strait-laced, one brutal, and one sleazy - investigate a series of murders with their own brand of justice."
"tt6966692","125","Green Book","Green Book (2018)","2018","Peter Farrelly (dir.), Viggo Mortensen, Mahershala Ali","8.2","397896","Biography, Comedy, Drama",130,"USA, China","A working-class Italian-American bouncer becomes the driver of an African-American classical pianist on a tour of venues through the 1960s American South."
"tt0095016","126","Die Hard","Die Hard (1988)","1988","John McTiernan (dir.), Bruce Willis, Alan Rickman","8.2","801614","Action, Thriller",132,"USA","An NYPD officer tries to save his wife and several others taken hostage by German terrorists during a Christmas party at the Nakatomi Plaza in Los Angeles."
"tt0372784","127","Batman Begins","Batman Begins (2005)","2005","Christopher Nolan (dir.), Christian Bale, Michael Caine","8.2","1326436","Action, Adventure",140,"USA, UK","After training with his mentor, Batman begins his fight to free crime-ridden Gotham City from corruption."
"tt0055630","128","Yojimbo","Yojimbo (1961)","1961","Akira Kurosawa (dir.), Toshir<U+00F4> Mifune, Eijir<U+00F4> T<U+00F4>no","8.2","113118","Action, Drama, Thriller",110,"Japan","A crafty ronin comes to a town divided by two criminal gangs and decides to play them against each other to free the town."
"tt0071853","129","Monty Python and the Holy Grail","Monty Python and the Holy Grail (1975)","1975","Terry Gilliam (dir.), Graham Chapman, John Cleese","8.2","505872","Adventure, Comedy, Fantasy",91,"UK","King Arthur ("
"tt0042876","130","Rashomon","Rashomon (1950)","1950","Akira Kurosawa (dir.), Toshir<U+00F4> Mifune, Machiko Ky<U+00F4>","8.2","155029","Crime, Drama, Mystery",88,"Japan","The rape of a bride and the murder of her samurai husband are recalled from the perspectives of a bandit, the bride, the samurai's ghost and a woodcutter."
"tt0363163","131","Downfall","Downfall (2004)","2004","Oliver Hirschbiegel (dir.), Bruno Ganz, Alexandra Maria Lara","8.2","334990","Biography, Drama, History",156,"Germany, Austria, Italy",""
"tt10272386","132","The Father","The Father (2020)","2020","Florian Zeller (dir.), Anthony Hopkins, Olivia Colman","8.2","34862","Drama",97,"UK, France","A man refuses all assistance from his daughter as he ages. As he tries to make sense of his changing circumstances, he begins to doubt his loved ones, his own mind and even the fabric of his reality."
"tt0118849","133","Children of Heaven","Children of Heaven (1997)","1997","Majid Majidi (dir.), Mohammad Amir Naji, Amir Farrokh Hashemian","8.2","66881","Drama, Family, Sport",89,"Iran","After a boy loses his sister's pair of shoes, he goes on a series of adventures in order to find them. When he can't, he tries a new way to \"win\" a new pair."
"tt0089881","134","Ran","Ran (1985)","1985","Akira Kurosawa (dir.), Tatsuya Nakadai, Akira Terao","8.2","114686","Action, Drama, War",162,"Japan, France","In Medieval Japan, an elderly warlord retires, handing over his empire to his three sons. However, he vastly underestimates how the new-found power will corrupt them and cause them to turn on each other...and him."
"tt0105695","135","Unforgiven","Unforgiven (1992)","1992","Clint Eastwood (dir.), Clint Eastwood, Gene Hackman","8.2","380832","Drama, Western",130,"USA","Retired Old West gunslinger William Munny ("
"tt0053291","136","Some Like It Hot","Some Like It Hot (1959)","1959","Billy Wilder (dir.), Marilyn Monroe, Tony Curtis","8.2","247093","Comedy, Music, Romance",121,"USA","After two male musicians witness a mob hit, they flee the state in an all-female band disguised as women, but further complications set in."
"tt0347149","137","Howl's Moving Castle","Howl's Moving Castle (2004)","2004","Hayao Miyazaki (dir.), Chieko Baish<U+00F4>, Takuya Kimura","8.2","342317","Animation, Adventure, Family",119,"Japan","When an unconfident young woman is cursed with an old body by a spiteful witch, her only chance of breaking the spell lies with a self-indulgent yet insecure young wizard and his companions in his legged, walking castle."
"tt0042192","138","All About Eve","All About Eve (1950)","1950","Joseph L. Mankiewicz (dir.), Bette Davis, Anne Baxter","8.2","122144","Drama",138,"USA","A seemingly timid but secretly ruthless ingÃ©nue insinuates herself into the lives of an aging Broadway star and her circle of theater friends."
"tt0112641","139","Casino","Casino (1995)","1995","Martin Scorsese (dir.), Robert De Niro, Sharon Stone","8.2","473736","Crime, Drama",178,"France, USA","A tale of greed, deception, money, power, and murder occur between two best friends: a mafia enforcer and a casino executive, compete against each other over a gambling empire, and over a fast living and fast loving socialite."
"tt0993846","140","The Wolf of Wall Street","The Wolf of Wall Street (2013)","2013","Martin Scorsese (dir.), Leonardo DiCaprio, Jonah Hill","8.2","1214903","Biography, Crime, Drama",180,"USA","Based on the true story of"
"tt0268978","141","A Beautiful Mind","A Beautiful Mind (2001)","2001","Ron Howard (dir.), Russell Crowe, Ed Harris","8.2","860763","Biography, Drama",135,"USA","After"
"tt0057115","142","The Great Escape","The Great Escape (1963)","1963","John Sturges (dir.), Steve McQueen, James Garner","8.2","227511","Adventure, Drama, History",172,"USA","Allied prisoners of war plan for several hundred of their number to escape from a German camp during World War II."
"tt0457430","143","Pan's Labyrinth","Pan's Labyrinth (2006)","2006","Guillermo del Toro (dir.), Ivana Baquero, Ariadna Gil","8.2","625395","Drama, Fantasy, War",118,"Mexico, Spain","In the Falangist Spain of 1944, the bookish young stepdaughter of a sadistic army officer escapes into an eerie but captivating fantasy world."
"tt0469494","144","There Will Be Blood","There Will Be Blood (2007)","2007","Paul Thomas Anderson (dir.), Daniel Day-Lewis, Paul Dano","8.1","526391","Drama",158,"USA","A story of family, religion, hatred, oil and madness, focusing on a turn-of-the-century prospector in the early days of the business."
"tt1305806","145","The Secret in Their Eyes","The Secret in Their Eyes (2009)","2009","Juan Jos¨¦ Campanella (dir.), Ricardo Dar¨ªn, Soledad Villamil","8.1","196081","Drama, Mystery, Romance",129,"Argentina, Spain","A retired legal counselor writes a novel hoping to find closure for one of his past unresolved homicide cases and for his unreciprocated love with his superior - both of which still haunt him decades later."
"tt0055031","146","Judgment at Nuremberg","Judgment at Nuremberg (1961)","1961","Stanley Kramer (dir.), Spencer Tracy, Burt Lancaster","8.1","70730","Drama, War",179,"USA","In 1948, an American court in occupied Germany tries four Nazis judged for war crimes."
"tt0120735","147","Lock, Stock and Two Smoking Barrels","Lock, Stock and Two Smoking Barrels (1998)","1998","Guy Ritchie (dir.), Jason Flemyng, Dexter Fletcher","8.1","541913","Action, Comedy, Crime",107,"UK","A botched card game in London triggers four friends, thugs, weed-growers, hard gangsters, loan sharks and debt collectors to collide with each other in a series of unexpected events, all for the sake of weed, cash and two antique shotguns."
"tt0081398","148","Raging Bull","Raging Bull (1980)","1980","Martin Scorsese (dir.), Robert De Niro, Cathy Moriarty","8.1","326040","Biography, Drama, Sport",129,"USA","The life of boxer"
"tt0096283","149","My Neighbor Totoro","My Neighbor Totoro (1988)","1988","Hayao Miyazaki (dir.), Hitoshi Takagi, Noriko Hidaka","8.1","298106","Animation, Family, Fantasy",86,"Japan","When two girls move to the country to be near their ailing mother, they have adventures with the wondrous forest spirits who live nearby."
"tt0040897","150","The Treasure of the Sierra Madre","The Treasure of the Sierra Madre (1948)","1948","John Huston (dir.), Humphrey Bogart, Walter Huston","8.1","115743","Adventure, Drama, Western",126,"USA, Mexico","Two Americans searching for work in Mexico convince an old prospector to help them mine for gold in the Sierra Madre Mountains."
"tt0046912","151","Dial M for Murder","Dial M for Murder (1954)","1954","Alfred Hitchcock (dir.), Ray Milland, Grace Kelly","8.1","160819","Crime, Thriller",105,"USA","A tennis player tries to arrange his wife's murder after learning of her affair."
"tt1130884","152","Shutter Island","Shutter Island (2010)","2010","Martin Scorsese (dir.), Leonardo DiCaprio, Emily Mortimer","8.1","1152291","Mystery, Thriller",138,"USA","In 1954, a U.S. Marshal investigates the disappearance of a murderer who escaped from a hospital for the criminally insane."
"tt5027774","153","Three Billboards Outside Ebbing, Missouri","Three Billboards Outside Ebbing, Missouri (2017)","2017","Martin McDonagh (dir.), Frances McDormand, Woody Harrelson","8.1","445148","Comedy, Crime, Drama",115,"UK, USA","A mother personally challenges the local authorities to solve her daughter's murder when they fail to catch the culprit."
"tt0015864","154","The Gold Rush","The Gold Rush (1925)","1925","Charles Chaplin (dir.), Charles Chaplin, Mack Swain","8.1","102749","Adventure, Comedy, Drama",95,"USA","A prospector goes to the Klondike in search of gold and finds it and more."
"tt0476735","155","My Father and My Son","My Father and My Son (2005)","2005","<U+00C7>agan Irmak (dir.), Eser Sariyar, <U+00C7>etin Tekindor","8.1","80418","Drama, Family",112,"Turkey","The family of a left-wing journalist is torn apart after the military coup of Turkey in 1980."
"tt0071315","156","Chinatown","Chinatown (1974)","1974","Roman Polanski (dir.), Jack Nicholson, Faye Dunaway","8.1","298804","Drama, Mystery, Thriller",130,"USA","A private detective hired to expose an adulterer finds himself caught up in a web of deceit, corruption, and murder."
"tt0477348","157","No Country for Old Men","No Country for Old Men (2007)","2007","Ethan Coen (dir.), Tommy Lee Jones, Javier Bardem","8.1","871669","Crime, Drama, Thriller",122,"USA, Mexico","Violence and mayhem ensue after a hunter stumbles upon a drug deal gone wrong and more than two million dollars in cash near the Rio Grande."
"tt0434409","158","V for Vendetta","V for Vendetta (2005)","2005","James McTeigue (dir.), Hugo Weaving, Natalie Portman","8.1","1044444","Action, Drama, Sci-Fi",132,"USA, UK, Germany","In a future British tyranny, a shadowy freedom fighter, known only by the alias of \"V\", plots to overthrow it with the help of a young woman."
"tt2096673","159","Inside Out","Inside Out (2015)","2015","Pete Docter (dir.), Amy Poehler, Bill Hader","8.1","628988","Animation, Adventure, Comedy",95,"USA","After young Riley is uprooted from her Midwest life and moved to San Francisco, her emotions - Joy, Fear, Anger, Disgust and Sadness - conflict on how best to navigate a new city, house, and school."
"tt0084787","160","The Thing","The Thing (1982)","1982","John Carpenter (dir.), Kurt Russell, Wilford Brimley","8.1","376594","Horror, Mystery, Sci-Fi",109,"USA","A research team in Antarctica is hunted by a shape-shifting alien that assumes the appearance of its victims."
"tt0080678","161","The Elephant Man","The Elephant Man (1980)","1980","David Lynch (dir.), Anthony Hopkins, John Hurt","8.1","223212","Biography, Drama",124,"USA, UK","A Victorian surgeon rescues a heavily disfigured man who is mistreated while scraping a living as a side-show freak. Behind his monstrous faÃ§ade, there is revealed a person of kindness, intelligence and sophistication."
"tt0050976","162","The Seventh Seal","The Seventh Seal (1957)","1957","Ingmar Bergman (dir.), Max von Sydow, Gunnar Bj<U+00F6>rnstrand","8.1","168154","Drama, Fantasy",96,"Sweden","A man seeks answers about life, death, and the existence of God as he plays chess against the Grim Reaper during the Black Plague."
"tt0167404","163","The Sixth Sense","The Sixth Sense (1999)","1999","M. Night Shyamalan (dir.), Bruce Willis, Haley Joel Osment","8.1","920624","Drama, Mystery, Thriller",107,"USA","A boy who communicates with spirits seeks the help of a disheartened child psychologist."
"tt1291584","164","Warrior","Warrior (2011)","2011","Gavin O'Connor (dir.), Tom Hardy, Nick Nolte","8.1","440859","Action, Drama, Sport",140,"USA","The youngest son of an alcoholic former boxer returns home, where he's trained by his father for competition in a mixed martial arts tournament - a path that puts the fighter on a collision course with his estranged, older brother."
"tt0107290","165","Jurassic Park","Jurassic Park (1993)","1993","Steven Spielberg (dir.), Sam Neill, Laura Dern","8.1","880148","Action, Adventure, Sci-Fi",127,"USA","A pragmatic paleontologist visiting an almost complete theme park is tasked with protecting a couple of kids after a power failure causes the park's cloned dinosaurs to run loose."
"tt4729430","166","Klaus","Klaus (2019)","2019","Sergio Pablos (dir.), Jason Schwartzman, J.K. Simmons","8.1","110753","Animation, Adventure, Comedy",96,"Spain, UK","A simple act of kindness always sparks another, even in a frozen, faraway place. When Smeerensburg's new postman, Jesper, befriends toymaker Klaus, their gifts melt an age-old feud and deliver a sleigh full of holiday traditions."
"tt0117951","167","Trainspotting","Trainspotting (1996)","1996","Danny Boyle (dir.), Ewan McGregor, Ewen Bremner","8.1","641367","Drama",93,"UK","Renton, deeply immersed in the Edinburgh drug scene, tries to clean up and get out, despite the allure of the drugs and influence of friends."
"tt0120382","168","The Truman Show","The Truman Show (1998)","1998","Peter Weir (dir.), Jim Carrey, Ed Harris","8.1","956549","Comedy, Drama, Sci-Fi",103,"USA","An insurance salesman discovers his whole life is actually a reality TV show."
"tt0031381","169","Gone with the Wind","Gone with the Wind (1939)","1939","Victor Fleming (dir.), Clark Gable, Vivien Leigh","8.1","293526","Drama, History, Romance",238,"USA","A manipulative woman and a roguish man conduct a turbulent romance during the American Civil War and Reconstruction periods."
"tt0266543","170","Finding Nemo","Finding Nemo (2003)","2003","Andrew Stanton (dir.), Albert Brooks, Ellen DeGeneres","8.1","960895","Animation, Adventure, Comedy",100,"USA, Australia","After his son is captured in the Great Barrier Reef and taken to Sydney, a timid clownfish sets out on a journey to bring him home."
"tt0079944","171","Stalker","Stalker (1979)","1979","Andrei Tarkovsky (dir.), Alisa Freyndlikh, Aleksandr Kaydanovskiy","8.1","119581","Drama, Sci-Fi",162,"Soviet Union","A guide leads two men through an area known as the Zone to find a room that grants wishes."
"tt0353969","172","Memories of Murder","Memories of Murder (2003)","2003","Bong Joon Ho (dir.), Kang-ho Song, Kim Sang-kyung","8.1","145359","Action, Crime, Drama",131,"South Korea","In a small Korean province in 1986, two detectives struggle with the case of multiple young women being found raped and murdered by an unknown culprit."
"tt0266697","173","Kill Bill: Vol. 1","Kill Bill: Vol. 1 (2003)","2003","Quentin Tarantino (dir.), Uma Thurman, David Carradine","8.1","1014131","Action, Crime, Thriller",111,"USA, Japan","After awakening from a four-year coma, a former assassin wreaks vengeance on the team of assassins who betrayed her."
"tt0050986","174","Wild Strawberries","Wild Strawberries (1957)","1957","Ingmar Bergman (dir.), Victor Sj<U+00F6>str<U+00F6>m, Bibi Andersson","8.1","98250","Drama, Romance",91,"Sweden","After living a life marked by coldness, an aging professor is forced to confront the emptiness of his existence."
"tt0083658","175","Blade Runner","Blade Runner (1982)","1982","Ridley Scott (dir.), Harrison Ford, Rutger Hauer","8.1","702424","Action, Sci-Fi, Thriller",117,"USA","A blade runner must pursue and terminate four replicants who stole a ship in space, and have returned to Earth to find their creator."
"tt0116282","176","Fargo","Fargo (1996)","1996","Joel Coen (dir.), William H. Macy, Frances McDormand","8.1","625818","Crime, Drama, Thriller",98,"USA, UK","Jerry Lundegaard's inept crime falls apart due to his and his henchmen's bungling and the persistent police work of the quite pregnant Marge Gunderson."
"tt0050212","177","The Bridge on the River Kwai","The Bridge on the River Kwai (1957)","1957","David Lean (dir.), William Holden, Alec Guinness","8.1","205950","Adventure, Drama, War",161,"UK, USA","British POWs are forced to build a railway bridge across the river Kwai for their Japanese captors, not knowing that the allied forces are planning to destroy it."
"tt3011894","178","Wild Tales","Wild Tales (2014)","2014","Dami¨¢n Szifron (dir.), Dar¨ªo Grandinetti, Mar¨ªa Marull","8.1","180853","Comedy, Drama, Thriller",122,"Argentina, Spain, France, UK","Six short stories that explore the extremities of human behavior involving people in distress."
"tt0046438","179","Tokyo Story","Tokyo Story (1953)","1953","Yasujir<U+00F4> Ozu (dir.), Chish<U+00FB> Ry<U+00FB>, Chieko Higashiyama","8.1","54571","Drama",136,"Japan","An old couple visit their children and grandchildren in the city, but receive little attention."
"tt1205489","180","Gran Torino","Gran Torino (2008)","2008","Clint Eastwood (dir.), Clint Eastwood, Bee Vang","8.1","727762","Drama",116,"Germany, USA","Disgruntled Korean War veteran Walt Kowalski sets out to reform his neighbor, Thao Lor, a Hmong teenager who tried to steal Kowalski's prized possession: a 1972 Gran Torino."
"tt3170832","181","Room","Room (2015)","2015","Lenny Abrahamson (dir.), Brie Larson, Jacob Tremblay","8.1","379186","Drama, Thriller",118,"Canada, Ireland, UK, USA","Held captive for 7 years in an enclosed space, a woman and her young son finally gain their freedom, allowing the boy to experience the outside world for the first time."
"tt0041959","182","The Third Man","The Third Man (1949)","1949","Carol Reed (dir.), Orson Welles, Joseph Cotten","8.1","160794","Film-Noir, Mystery, Thriller",104,"UK","Pulp novelist Holly Martins travels to shadowy, postwar Vienna, only to find himself investigating the mysterious death of an old friend, Harry Lime."
"tt0047296","183","On the Waterfront","On the Waterfront (1954)","1954","Elia Kazan (dir.), Marlon Brando, Karl Malden","8.1","143969","Crime, Drama, Thriller",108,"USA","An ex-prize fighter turned longshoreman struggles to stand up to his corrupt union bosses."
"tt0077416","184","The Deer Hunter","The Deer Hunter (1978)","1978","Michael Cimino (dir.), Robert De Niro, Christopher Walken","8.1","315496","Drama, War",183,"USA","An in-depth examination of the ways in which the U.S. Vietnam War impacts and disrupts the lives of people in a small industrial town in Pennsylvania."
"tt0107207","185","In the Name of the Father","In the Name of the Father (1993)","1993","Jim Sheridan (dir.), Daniel Day-Lewis, Pete Postlethwaite","8.1","160182","Biography, Drama",133,"Ireland, UK","A man's coerced confession to an I.R.A. bombing he did not commit results in the imprisonment of his father as well. An English lawyer fights to free them."
"tt0112471","186","Before Sunrise","Before Sunrise (1995)","1995","Richard Linklater (dir.), Ethan Hawke, Julie Delpy","8.1","277292","Drama, Romance",101,"USA, Austria, Switzerland","A young man and woman meet on a train in Europe, and wind up spending one evening together in Vienna. Unfortunately, both know that this will probably be their only night together."
"tt0978762","187","Mary and Max","Mary and Max (2009)","2009","Adam Elliot (dir.), Toni Collette, Philip Seymour Hoffman","8.1","166411","Animation, Comedy, Drama",92,"Australia","A tale of friendship between two unlikely pen pals: Mary, a lonely, eight-year-old girl living in the suburbs of Melbourne, and Max, a forty-four-year old, severely obese man living in New York."
"tt2278388","188","The Grand Budapest Hotel","The Grand Budapest Hotel (2014)","2014","Wes Anderson (dir.), Ralph Fiennes, F. Murray Abraham","8.1","722144","Adventure, Comedy, Crime",99,"Germany, USA","A writer encounters the owner of an aging high-class hotel, who tells him of his early years serving as a lobby boy in the hotel's glorious years under an exceptional concierge."
"tt0264464","189","Catch Me If You Can","Catch Me If You Can (2002)","2002","Steven Spielberg (dir.), Leonardo DiCaprio, Tom Hanks","8.1","850312","Biography, Crime, Drama",141,"USA, Canada","A seasoned FBI agent pursues"
"tt2267998","190","Gone Girl","Gone Girl (2014)","2014","David Fincher (dir.), Ben Affleck, Rosamund Pike","8.1","877107","Drama, Mystery, Thriller",149,"USA","With his wife's disappearance having become the focus of an intense media circus, a man sees the spotlight turned on him when it's suspected that he may not be innocent."
"tt2119532","191","Hacksaw Ridge","Hacksaw Ridge (2016)","2016","Mel Gibson (dir.), Andrew Garfield, Sam Worthington","8.1","446501","Biography, Drama, History",139,"Australia, USA","World War II American Army Medic"
"tt1392214","192","Prisoners","Prisoners (2013)","2013","Denis Villeneuve (dir.), Hugh Jackman, Jake Gyllenhaal","8.1","613158","Crime, Drama, Mystery",153,"USA","When Keller Dover's daughter and her friend go missing, he takes matters into his own hands as the police pursue multiple leads and the pressure mounts."
"tt0060827","193","Persona","Persona (1966)","1966","Ingmar Bergman (dir.), Bibi Andersson, Liv Ullmann","8.1","105731","Drama, Thriller",85,"Sweden","A nurse is put in charge of a mute actress and finds that their personae are melding together."
"tt0015324","194","Sherlock Jr.","Sherlock Jr. (1924)","1924","Buster Keaton (dir.), Buster Keaton, Kathryn McGuire","8.1","43258","Action, Comedy, Romance",45,"USA","A film projectionist longs to be a detective, and puts his meagre skills to work when he is framed by a rival for stealing his girlfriend's father's pocketwatch."
"tt8108198","195","Andhadhun","Andhadhun (2018)","2018","Sriram Raghavan (dir.), Ayushmann Khurrana, Tabu","8.1","74851","Crime, Thriller",139,"India","A series of mysterious events change the life of a blind pianist, who must now report a crime that he should technically know nothing of."
"tt0118715","196","The Big Lebowski","The Big Lebowski (1998)","1998","Joel Coen (dir.), Jeff Bridges, John Goodman","8.1","742005","Comedy, Crime, Sport",117,"USA, UK","Jeff \"The Dude\" Lebowski, mistaken for a millionaire of the same name, seeks restitution for his ruined rug and enlists his bowling buddies to help get it."
"tt0072684","197","Barry Lyndon","Barry Lyndon (1975)","1975","Stanley Kubrick (dir.), Ryan O'Neal, Marisa Berenson","8.1","152613","Adventure, Drama, History",185,"UK, USA","An Irish rogue wins the heart of a rich widow and assumes her dead husband's aristocratic position in 18th-century England."
"tt0017925","198","The General","The General (1926)","1926","Clyde Bruckman (dir.), Buster Keaton, Marion Mack","8.1","82378","Action, Adventure, Comedy",67,"USA","When Union spies steal an engineer's beloved locomotive, he pursues it single-handedly and straight through enemy lines."
"tt0035446","199","To Be or Not to Be","To Be or Not to Be (1942)","1942","Ernst Lubitsch (dir.), Carole Lombard, Jack Benny","8.1","31170","Comedy, War",99,"USA","During the Nazi occupation of Poland, an acting troupe becomes embroiled in a Polish soldier's efforts to track down a German spy."
"tt1950186","200","Ford v Ferrari","Ford v Ferrari (2019)","2019","James Mangold (dir.), Matt Damon, Christian Bale","8.1","307848","Action, Biography, Drama",152,"USA","American car designer"
"tt0892769","201","How to Train Your Dragon","How to Train Your Dragon (2010)","2010","Dean DeBlois (dir.), Jay Baruchel, Gerard Butler","8.1","675665","Animation, Action, Adventure",98,"USA","A hapless young Viking who aspires to hunt dragons becomes the unlikely friend of a young dragon himself, and learns there may be more to the creatures than he assumed."
"tt2024544","202","12 Years a Slave","12 Years a Slave (2013)","2013","Steve McQueen (dir.), Chiwetel Ejiofor, Michael Kenneth Williams","8.1","649579","Biography, Drama, History",134,"USA, UK","In the antebellum United States,"
"tt0116231","203","The Bandit","The Bandit (1996)","1996","Yavuz Turgul (dir.), Sener Sen, Ugur Y¨¹cel","8.1","65250","Crime, Drama, Thriller",128,"Turkey, France, Bulgaria","Baran the Bandit, released from prison after 35 years, searches for vengeance and his lover."
"tt0031679","204","Mr. Smith Goes to Washington","Mr. Smith Goes to Washington (1939)","1939","Frank Capra (dir.), James Stewart, Jean Arthur","8.1","108220","Comedy, Drama",129,"USA","A naive man is appointed to fill a vacancy in the United States Senate. His plans promptly collide with political corruption, but he doesn't back down."
"tt0077711","205","Autumn Sonata","Autumn Sonata (1978)","1978","Ingmar Bergman (dir.), Ingrid Bergman, Liv Ullmann","8.1","28349","Drama, Music",99,"Sweden, France, West Germany, UK, Norway","A married daughter who longs for her mother's love is visited by the latter, a successful concert pianist."
"tt1392190","206","Mad Max: Fury Road","Mad Max: Fury Road (2015)","2015","George Miller (dir.), Tom Hardy, Charlize Theron","8.1","896746","Action, Adventure, Sci-Fi",120,"Australia, South Africa","In a post-apocalyptic wasteland, a woman rebels against a tyrannical ruler in search for her homeland with the aid of a group of female prisoners, a psychotic worshiper, and a drifter named Max."
"tt0097165","207","Dead Poets Society","Dead Poets Society (1989)","1989","Peter Weir (dir.), Robin Williams, Robert Sean Leonard","8.1","434377","Comedy, Drama",128,"USA","Maverick teacher John Keating uses poetry to embolden his boarding school students to new heights of self-expression."
"tt0405159","208","Million Dollar Baby","Million Dollar Baby (2004)","2004","Clint Eastwood (dir.), Hilary Swank, Clint Eastwood","8.1","643369","Drama, Sport",132,"USA","A determined woman works with a hardened boxing trainer to become a professional."
"tt1201607","209","Harry Potter and the Deathly Hallows: Part 2","Harry Potter and the Deathly Hallows: Part 2 (2011)","2011","David Yates (dir.), Daniel Radcliffe, Emma Watson","8.1","777329","Adventure, Drama, Fantasy",130,"UK, USA","Harry, Ron, and Hermione search for Voldemort's remaining Horcruxes in their effort to destroy the Dark Lord as the final battle rages on at Hogwarts."
"tt0092005","210","Stand by Me","Stand by Me (1986)","1986","Rob Reiner (dir.), Wil Wheaton, River Phoenix","8.1","367925","Adventure, Drama",89,"USA","After the death of one of his friends, a writer recounts a childhood journey with his friends to find the body of a missing boy."
"tt0052618","211","Ben-Hur","Ben-Hur (1959)","1959","William Wyler (dir.), Charlton Heston, Jack Hawkins","8.1","222203","Adventure, Drama, History",212,"USA","After a Jewish prince is betrayed and sent into slavery by a Roman friend, he regains his freedom and comes back for revenge."
"tt0074958","212","Network","Network (1976)","1976","Sidney Lumet (dir.), Faye Dunaway, William Holden","8.1","146819","Drama",121,"USA","A television network cynically exploits a deranged former anchor's ravings and revelations about the news media for its own profit."
"tt1028532","213","Hachi: A Dog's Tale","Hachi: A Dog's Tale (2009)","2009","Lasse Hallstr<U+00F6>m (dir.), Richard Gere, Joan Allen","8.1","257941","Drama, Family",93,"UK, USA","A college professor bonds with an abandoned dog he takes into his home."
"tt4016934","214","The Handmaiden","The Handmaiden (2016)","2016","Chan-wook Park (dir.), Kim Min-hee, Jung-woo Ha","8.1","118793","Drama, Romance, Thriller",145,"South Korea","A woman is hired as a handmaiden to a Japanese heiress, but secretly she is involved in a plot to defraud her."
"tt0066763","215","Anand","Anand (1971)","1971","Hrishikesh Mukherjee (dir.), Rajesh Khanna, Amitabh Bachchan","8.1","31229","Drama, Musical",122,"India","The story of a terminally ill man who wishes to live life to the fullest before the inevitable occurs, as told by his best friend."
"tt0061512","216","Cool Hand Luke","Cool Hand Luke (1967)","1967","Stuart Rosenberg (dir.), Paul Newman, George Kennedy","8.1","164123","Crime, Drama",127,"USA","A laid back Southern man is sentenced to two years in a rural prison, but refuses to conform."
"tt3315342","217","Logan","Logan (2017)","2017","James Mangold (dir.), Hugh Jackman, Patrick Stewart","8.1","661040","Action, Drama, Sci-Fi",137,"USA","In a future where mutants are nearly extinct, an elderly and weary Logan leads a quiet life. But when Laura, a mutant child pursued by scientists, comes to him for help, he must get her to safety."
"tt0091763","218","Platoon","Platoon (1986)","1986","Oliver Stone (dir.), Charlie Sheen, Tom Berenger","8.0","385857","Drama, War",120,"USA, UK","A young soldier in Vietnam faces a moral crisis when confronted with the horrors of war and the duality of man."
"tt0046268","219","The Wages of Fear","The Wages of Fear (1953)","1953","Henri-Georges Clouzot (dir.), Yves Montand, Charles Vanel","8.0","55580","Adventure, Drama, Thriller",131,"France, Italy","In a decrepit South American village, four men are hired to transport an urgent nitroglycerine shipment without the equipment that would make it safe."
"tt1979320","220","Rush","Rush (2013)","2013","Ron Howard (dir.), Daniel Br¨¹hl, Chris Hemsworth","8.0","439027","Action, Biography, Drama",123,"UK, Germany, USA","The merciless 1970s rivalry between Formula One rivals"
"tt0758758","221","Into the Wild","Into the Wild (2007)","2007","Sean Penn (dir.), Emile Hirsch, Vince Vaughn","8.0","581107","Adventure, Biography, Drama",148,"USA","After graduating from Emory University, top student and athlete Christopher McCandless abandons his possessions, gives his entire $24,000 savings account to charity and hitchhikes to Alaska to live in the wilderness. Along the way, Christopher encounters a series of characters that shape his life."
"tt0113247","222","La Haine","La Haine (1995)","1995","Mathieu Kassovitz (dir.), Vincent Cassel, Hubert Kound¨¦","8.0","153779","Crime, Drama",98,"France","24 hours in the lives of three young men in the French suburbs the day after a violent riot."
"tt0019254","223","The Passion of Joan of Arc","The Passion of Joan of Arc (1928)","1928","Carl Theodor Dreyer (dir.), Maria Falconetti, Eugene Silvain","8.0","48836","Biography, Drama, History",110,"France","In 1431, Jeanne d'Arc is placed on trial on charges of heresy. The ecclesiastical jurists attempt to force Jeanne to recant her claims of holy visions."
"tt0053198","224","The 400 Blows","The 400 Blows (1959)","1959","Fran<U+00E7>ois Truffaut (dir.), Jean-Pierre L¨¦aud, Albert R¨¦my","8.0","107339","Crime, Drama",99,"France","A young boy, left without attention, delves into a life of petty crime."
"tt0079470","225","Monty Python's Life of Brian","Monty Python's Life of Brian (1979)","1979","Terry Jones (dir.), Graham Chapman, John Cleese","8.0","371847","Comedy",94,"UK","Born on the original Christmas in the stable next door to"
"tt1895587","226","Spotlight","Spotlight (2015)","2015","Tom McCarthy (dir.), Mark Ruffalo, Michael Keaton","8.0","428210","Biography, Crime, Drama",129,"USA","The true story of how the Boston Globe uncovered the massive scandal of child molestation and cover-up within the local Catholic Archdiocese, shaking the entire Catholic Church to its core."
"tt1954470","227","Gangs of Wasseypur","Gangs of Wasseypur (2012)","2012","Anurag Kashyap (dir.), Manoj Bajpayee, Richa Chadha","8.0","83987","Action, Crime, Drama",321,"India","A clash between Sultan and Shahid Khan leads to the expulsion of Khan from Wasseypur, and ignites a deadly blood feud spanning three generations."
"tt0395169","228","Hotel Rwanda","Hotel Rwanda (2004)","2004","Terry George (dir.), Don Cheadle, Sophie Okonedo","8.0","337495","Biography, Drama, History",121,"UK, South Africa, Italy","Paul Rusesabagina, a hotel manager, houses over a thousand Tutsi refugees during their struggle against the Hutu militia in Rwanda, Africa."
"tt0245712","229","Amores Perros","Amores Perros (2000)","2000","Alejandro G. I<U+00F1>¨¢rritu (dir.), Emilio Echevarr¨ªa, Gael Garc¨ªa Bernal","8.0","226290","Drama, Thriller",154,"Mexico","A horrific car accident connects three stories, each involving characters dealing with loss, regret, and life's harsh realities, all in the name of love."
"tt0198781","230","Monsters, Inc.","Monsters, Inc. (2001)","2001","Pete Docter (dir.), Billy Crystal, John Goodman","8.0","826705","Animation, Adventure, Comedy",92,"USA","In order to power the city, monsters have to scare children so that they scream. However, the children are toxic to the monsters, and after a child gets through, 2 monsters realize things may not be what they think."
"tt0060107","231","Andrei Rublev","Andrei Rublev (1966)","1966","Andrei Tarkovsky (dir.), Anatoliy Solonitsyn, Ivan Lapikov","8.0","48176","Biography, Drama, History",205,"Soviet Union","The life, times and afflictions of the fifteenth-century Russian iconographer St. Andrei Rublev."
"tt0075148","232","Rocky","Rocky (1976)","1976","John G. Avildsen (dir.), Sylvester Stallone, Talia Shire","8.0","525794","Drama, Sport",120,"USA","A small-time boxer gets a supremely rare chance to fight a heavy-weight champion in a bout in which he strives to go the distance for his self-respect."
"tt2948372","233","Soul","Soul (2020)","2020","Pete Docter (dir.), Jamie Foxx, Tina Fey","8.0","224961","0",0,"0","0"
"tt0087544","234","Nausica<U+00E4> of the Valley of the Wind","Nausica<U+00E4> of the Valley of the Wind (1984)","1984","Hayao Miyazaki (dir.), Sumi Shimamoto, Mahito Tsujimura","8.0","154054","Animation, Adventure, Fantasy",117,"Japan","Warrior and pacifist Princess NausicaÃ¤ desperately struggles to prevent two warring nations from destroying themselves and their dying planet."
"tt0032976","235","Rebecca","Rebecca (1940)","1940","Alfred Hitchcock (dir.), Laurence Olivier, Joan Fontaine","8.0","125789","Drama, Mystery, Romance",130,"USA","A self-conscious woman juggles adjusting to her new role as an aristocrat's wife and avoiding being intimidated by his first wife's spectral presence."
"tt0381681","236","Before Sunset","Before Sunset (2004)","2004","Richard Linklater (dir.), Ethan Hawke, Julie Delpy","8.0","240342","Drama, Romance",80,"USA, France","Nine years after Jesse and Celine first met, they encounter each other again on the French leg of Jesse's book tour."
"tt0118694","237","In the Mood for Love","In the Mood for Love (2000)","2000","Kar-Wai Wong (dir.), Tony Chiu-Wai Leung, Maggie Cheung","8.0","128508","Drama, Romance",98,"Hong Kong, China","Two neighbors, a woman and a man, form a strong bond after both suspect extramarital activities of their spouses. However, they agree to keep their bond platonic so as not to commit similar wrongs."
"tt0097223","238","Time of the Gypsies","Time of the Gypsies (1988)","1988","Emir Kusturica (dir.), Davor Dujmovic, Bora Todorovic","8.0","27822","Comedy, Crime, Drama",142,"UK, Italy, Yugoslavia","In this luminous tale set in the area around Sarajevo and in Italy, Perhan, an engaging young Romany (gypsy) with telekinetic powers, is seduced by the quick-cash world of petty crime, which threatens to destroy him and those he loves."
"tt7060344","239","Raatchasan","Raatchasan (2018)","2018","Ram Kumar (dir.), Vishnu Vishal, Amala Paul","8.0","27500","Action, Crime, Thriller",170,"India","A Sub-Inspector sets out in pursuit of a mysterious serial killer who targets teen school girls and murders them brutally"
"tt0405508","240","Rang De Basanti - Die Farbe Safran","Rang De Basanti - Die Farbe Safran (2006)","2006","Rakeysh Omprakash Mehra (dir.), Aamir Khan, Soha Ali Khan","8.0","113364","Comedy, Drama",167,"India","The story of six young Indians who assist an English woman to film a documentary on the freedom fighters from their past, and the events that lead them to relive the long-forgotten saga of freedom."
"tt0048021","241","Rififi","Rififi (1955)","1955","Jules Dassin (dir.), Jean Servais, Carl M<U+00F6>hner","8.0","30142","Crime, Drama, Thriller",118,"France","Four men plan a technically perfect crime, but the human element intervenes..."
"tt0087884","242","Paris, Texas","Paris, Texas (1984)","1984","Wim Wenders (dir.), Harry Dean Stanton, Nastassja Kinski","8.0","94144","Drama",145,"West Germany, France, UK","Travis Henderson, an aimless drifter who has been missing for four years, wanders out of the desert and must reconnect with society, himself, his life, and his family."
"tt3417422","243","Drishyam","Drishyam (2013)","2013","Jeethu Joseph (dir.), Mohanlal, Meena","8.0","34598","Crime, Drama, Thriller",160,"India","A man goes to extreme lengths to save his family from punishment after the family commits an accidental crime."
"tt8613070","244","Portrait of a Lady on Fire","Portrait of a Lady on Fire (2019)","2019","C¨¦line Sciamma (dir.), No¨¦mie Merlant, Ad¨¨le Haenel","8.0","69357","Drama, Romance",122,"France","On an isolated island in Brittany at the end of the eighteenth century, a female painter is obliged to paint a wedding portrait of a young woman."
"tt12361974","245","Zack Snyder's Justice League","Zack Snyder's Justice League (2021)","2021","Zack Snyder (dir.), Henry Cavill, Ben Affleck","8.0","266923","0",0,"0","0"
"tt0025316","246","It Happened One Night","It Happened One Night (1934)","1934","Frank Capra (dir.), Clark Gable, Claudette Colbert","8.0","95507","Comedy, Romance",105,"USA","A spoiled heiress running away from her family is helped by a man who is actually a reporter in need of a story."
"tt2991224","247","Tangerines","Tangerines (2013)","2013","Zaza Urushadze (dir.), Lembit Ulfsak, Elmo N¨¹ganen","8.0","42059","Drama, War",87,"Estonia, Georgia","In 1992, war rages in Abkhazia, a breakaway region of Georgia. An Estonian man Ivo has decided to stay behind and harvest his crops of tangerines. In a bloody conflict at his door, a wounded man is left behind, and Ivo takes him in."
"tt0058946","248","The Battle of Algiers","The Battle of Algiers (1966)","1966","Gillo Pontecorvo (dir.), Brahim Hadjadj, Jean Martin","8.0","54163","Drama, War",121,"Algeria, Italy","In the 1950s, fear and violence escalate as the people of Algiers fight for independence from the French government."
"tt4430212","249","Drishyam","Drishyam (2015)","2015","Nishikant Kamat (dir.), Ajay Devgn, Shriya Saran","8.0","72661","Crime, Drama, Mystery",163,"India","Desperate measures are taken by a man who tries to save his family from the dark side of the law, after they commit an unexpected crime."
"tt5323662","250","A Silent Voice: The Movie","A Silent Voice: The Movie (2016)","2016","Naoko Yamada (dir.), Miyu Irino, Saori Hayami","8.0","52485","Animation, Drama, Family",130,"Japan","A young man is ostracized by his classmates after he bullies a deaf girl to the point where she moves away. Years later, he sets off on a path for redemption."
